date,sonia_rate
22 Dec 25,3.7231
19 Dec 25,3.7236
18 Dec 25,3.7264
17 Dec 25,3.9749
16 Dec 25,3.9748
15 Dec 25,3.9746
12 Dec 25,3.9743
11 Dec 25,3.975
10 Dec 25,3.9743
09 Dec 25,3.9749
08 Dec 25,3.974
05 Dec 25,3.9741
04 Dec 25,3.9732
03 Dec 25,3.9716
02 Dec 25,3.9713
01 Dec 25,3.9702
28 Nov 25,3.9693
27 Nov 25,3.9688
26 Nov 25,3.969
25 Nov 25,3.9688
24 Nov 25,3.9688
21 Nov 25,3.969
20 Nov 25,3.969
19 Nov 25,3.9693
18 Nov 25,3.9694
17 Nov 25,3.9692
14 Nov 25,3.9694
13 Nov 25,3.9698
12 Nov 25,3.9692
11 Nov 25,3.9694
10 Nov 25,3.9694
07 Nov 25,3.9697
06 Nov 25,3.9693
05 Nov 25,3.9694
04 Nov 25,3.9694
03 Nov 25,3.9694
31 Oct 25,3.9689
30 Oct 25,3.9693
29 Oct 25,3.9693
28 Oct 25,3.9694
27 Oct 25,3.9693
24 Oct 25,3.9691
23 Oct 25,3.9691
22 Oct 25,3.9687
21 Oct 25,3.9688
20 Oct 25,3.9682
17 Oct 25,3.9682
16 Oct 25,3.9676
15 Oct 25,3.9671
14 Oct 25,3.9674
13 Oct 25,3.9672
10 Oct 25,3.9678
09 Oct 25,3.9678
08 Oct 25,3.9677
07 Oct 25,3.9676
06 Oct 25,3.9674
03 Oct 25,3.9672
02 Oct 25,3.9674
01 Oct 25,3.9674
30 Sep 25,3.9671
29 Sep 25,3.9667
26 Sep 25,3.9669
25 Sep 25,3.9675
24 Sep 25,3.9677
23 Sep 25,3.9678
22 Sep 25,3.9671
19 Sep 25,3.9673
18 Sep 25,3.9674
17 Sep 25,3.9674
16 Sep 25,3.9673
15 Sep 25,3.9676
12 Sep 25,3.9672
11 Sep 25,3.967
10 Sep 25,3.967
09 Sep 25,3.967
08 Sep 25,3.967
05 Sep 25,3.9669
04 Sep 25,3.9671
03 Sep 25,3.967
02 Sep 25,3.9669
01 Sep 25,3.9669
29 Aug 25,3.9665
28 Aug 25,3.9675
27 Aug 25,3.9675
26 Aug 25,3.9674
22 Aug 25,3.9671
21 Aug 25,3.9675
20 Aug 25,3.9673
19 Aug 25,3.9671
18 Aug 25,3.9669
15 Aug 25,3.9671
14 Aug 25,3.9674
13 Aug 25,3.9672
12 Aug 25,3.967
11 Aug 25,3.9669
08 Aug 25,3.9672
07 Aug 25,3.9676
06 Aug 25,4.217
05 Aug 25,4.2168
04 Aug 25,4.2169
01 Aug 25,4.2176
31 Jul 25,4.217
30 Jul 25,4.2171
29 Jul 25,4.2171
28 Jul 25,4.2171
25 Jul 25,4.2174
24 Jul 25,4.2174
23 Jul 25,4.2172
22 Jul 25,4.2172
21 Jul 25,4.2168
18 Jul 25,4.2174
17 Jul 25,4.2175
16 Jul 25,4.217
15 Jul 25,4.2172
14 Jul 25,4.2171
11 Jul 25,4.2172
10 Jul 25,4.2175
09 Jul 25,4.2169
08 Jul 25,4.217
07 Jul 25,4.217
04 Jul 25,4.2173
03 Jul 25,4.2173
02 Jul 25,4.2171
01 Jul 25,4.2176
30 Jun 25,4.2171
27 Jun 25,4.2172
26 Jun 25,4.217
25 Jun 25,4.2172
24 Jun 25,4.217
23 Jun 25,4.2166
20 Jun 25,4.2164
19 Jun 25,4.2169
18 Jun 25,4.2163
17 Jun 25,4.216
16 Jun 25,4.2148
13 Jun 25,4.2127
12 Jun 25,4.2126
11 Jun 25,4.2129
10 Jun 25,4.2126
09 Jun 25,4.2128
06 Jun 25,4.2118
05 Jun 25,4.2119
04 Jun 25,4.2111
03 Jun 25,4.2112
02 Jun 25,4.2112
30 May 25,4.2111
29 May 25,4.2107
28 May 25,4.2104
27 May 25,4.2107
23 May 25,4.2108
22 May 25,4.2114
21 May 25,4.2115
20 May 25,4.2108
19 May 25,4.2109
16 May 25,4.2106
15 May 25,4.2111
14 May 25,4.2108
13 May 25,4.2106
12 May 25,4.21
09 May 25,4.2103
08 May 25,4.21
07 May 25,4.4601
06 May 25,4.459
02 May 25,4.4594
01 May 25,4.4586
30 Apr 25,4.4592
29 Apr 25,4.4592
28 Apr 25,4.459
25 Apr 25,4.4591
24 Apr 25,4.4592
23 Apr 25,4.459
22 Apr 25,4.4593
17 Apr 25,4.459
16 Apr 25,4.4585
15 Apr 25,4.4585
14 Apr 25,4.4582
11 Apr 25,4.4584
10 Apr 25,4.4579
09 Apr 25,4.4565
08 Apr 25,4.4565
07 Apr 25,4.4561
04 Apr 25,4.4554
03 Apr 25,4.4553
02 Apr 25,4.4549
01 Apr 25,4.4555
31 Mar 25,4.4554
28 Mar 25,4.4558
27 Mar 25,4.4556
26 Mar 25,4.4572
25 Mar 25,4.4568
24 Mar 25,4.457
21 Mar 25,4.4563
20 Mar 25,4.4562
19 Mar 25,4.4558
18 Mar 25,4.4548
17 Mar 25,4.4544
14 Mar 25,4.4549
13 Mar 25,4.455
12 Mar 25,4.4545
11 Mar 25,4.4546
10 Mar 25,4.4547
07 Mar 25,4.4548
06 Mar 25,4.4557
05 Mar 25,4.455
04 Mar 25,4.4551
03 Mar 25,4.455
28 Feb 25,4.4552
27 Feb 25,4.4547
26 Feb 25,4.4547
25 Feb 25,4.4547
24 Feb 25,4.4545
21 Feb 25,4.4549
20 Feb 25,4.4543
19 Feb 25,4.4543
18 Feb 25,4.4542
17 Feb 25,4.4541
14 Feb 25,4.4543
13 Feb 25,4.4544
12 Feb 25,4.4539
11 Feb 25,4.4541
10 Feb 25,4.454
07 Feb 25,4.454
06 Feb 25,4.4544
05 Feb 25,4.7045
04 Feb 25,4.7049
03 Feb 25,4.7042
31 Jan 25,4.7037
30 Jan 25,4.7008
29 Jan 25,4.7006
28 Jan 25,4.7
27 Jan 25,4.7
24 Jan 25,4.7
23 Jan 25,4.7001
22 Jan 25,4.7
21 Jan 25,4.7
20 Jan 25,4.7
17 Jan 25,4.7
16 Jan 25,4.7
15 Jan 25,4.7001
14 Jan 25,4.7
13 Jan 25,4.7
10 Jan 25,4.7
09 Jan 25,4.7
08 Jan 25,4.7
07 Jan 25,4.7
06 Jan 25,4.7
03 Jan 25,4.7
02 Jan 25,4.7
31 Dec 24,4.7003
30 Dec 24,4.7
27 Dec 24,4.7
24 Dec 24,4.7
23 Dec 24,4.7
20 Dec 24,4.7
19 Dec 24,4.7
18 Dec 24,4.7
17 Dec 24,4.7
16 Dec 24,4.7
13 Dec 24,4.7
12 Dec 24,4.7
11 Dec 24,4.7
10 Dec 24,4.7
09 Dec 24,4.7
06 Dec 24,4.7
05 Dec 24,4.7
04 Dec 24,4.7
03 Dec 24,4.7
02 Dec 24,4.7
29 Nov 24,4.7
28 Nov 24,4.7
27 Nov 24,4.7
26 Nov 24,4.7
25 Nov 24,4.7
22 Nov 24,4.7
21 Nov 24,4.7
20 Nov 24,4.7
19 Nov 24,4.7
18 Nov 24,4.7
15 Nov 24,4.7
14 Nov 24,4.7
13 Nov 24,4.7
12 Nov 24,4.7
11 Nov 24,4.7
08 Nov 24,4.7
07 Nov 24,4.7
06 Nov 24,4.95
05 Nov 24,4.95
04 Nov 24,4.95
01 Nov 24,4.95
31 Oct 24,4.95
30 Oct 24,4.95
29 Oct 24,4.95
28 Oct 24,4.95
25 Oct 24,4.95
24 Oct 24,4.95
23 Oct 24,4.95
22 Oct 24,4.95
21 Oct 24,4.95
18 Oct 24,4.95
17 Oct 24,4.95
16 Oct 24,4.95
15 Oct 24,4.95
14 Oct 24,4.95
11 Oct 24,4.95
10 Oct 24,4.95
09 Oct 24,4.95
08 Oct 24,4.95
07 Oct 24,4.95
04 Oct 24,4.95
03 Oct 24,4.95
02 Oct 24,4.95
01 Oct 24,4.95
30 Sep 24,4.95
27 Sep 24,4.95
26 Sep 24,4.95
25 Sep 24,4.95
24 Sep 24,4.95
23 Sep 24,4.95
20 Sep 24,4.95
19 Sep 24,4.95
18 Sep 24,4.95
17 Sep 24,4.95
16 Sep 24,4.95
13 Sep 24,4.95
12 Sep 24,4.95
11 Sep 24,4.95
10 Sep 24,4.95
09 Sep 24,4.95
06 Sep 24,4.95
05 Sep 24,4.95
04 Sep 24,4.95
03 Sep 24,4.95
02 Sep 24,4.95
30 Aug 24,4.95
29 Aug 24,4.95
28 Aug 24,4.95
27 Aug 24,4.95
23 Aug 24,4.95
22 Aug 24,4.95
21 Aug 24,4.95
20 Aug 24,4.95
19 Aug 24,4.95
16 Aug 24,4.95
15 Aug 24,4.95
14 Aug 24,4.95
13 Aug 24,4.95
12 Aug 24,4.95
09 Aug 24,4.95
08 Aug 24,4.95
07 Aug 24,4.95
06 Aug 24,4.95
05 Aug 24,4.95
02 Aug 24,4.95
01 Aug 24,4.95
31 Jul 24,5.2
30 Jul 24,5.2
29 Jul 24,5.2
26 Jul 24,5.2
25 Jul 24,5.2
24 Jul 24,5.2
23 Jul 24,5.2
22 Jul 24,5.2
19 Jul 24,5.2
18 Jul 24,5.2
17 Jul 24,5.2
16 Jul 24,5.2
15 Jul 24,5.2
12 Jul 24,5.2
11 Jul 24,5.2
10 Jul 24,5.2
09 Jul 24,5.2
08 Jul 24,5.2
05 Jul 24,5.2
04 Jul 24,5.2
03 Jul 24,5.2
02 Jul 24,5.2
01 Jul 24,5.2
28 Jun 24,5.2
27 Jun 24,5.2
26 Jun 24,5.2
25 Jun 24,5.2
24 Jun 24,5.2
21 Jun 24,5.2
20 Jun 24,5.2
19 Jun 24,5.2
18 Jun 24,5.2
17 Jun 24,5.2
14 Jun 24,5.2
13 Jun 24,5.2
12 Jun 24,5.2
11 Jun 24,5.2
10 Jun 24,5.2
07 Jun 24,5.2
06 Jun 24,5.2
05 Jun 24,5.2
04 Jun 24,5.2
03 Jun 24,5.2
31 May 24,5.2
30 May 24,5.2
29 May 24,5.2
28 May 24,5.2
24 May 24,5.2
23 May 24,5.2
22 May 24,5.2
21 May 24,5.2
20 May 24,5.2
17 May 24,5.2
16 May 24,5.2
15 May 24,5.2
14 May 24,5.2
13 May 24,5.2
10 May 24,5.2
09 May 24,5.2
08 May 24,5.2
07 May 24,5.2
03 May 24,5.2001
02 May 24,5.2
01 May 24,5.2
30 Apr 24,5.1998
29 Apr 24,5.2
26 Apr 24,5.1999
25 Apr 24,5.1998
24 Apr 24,5.1993
23 Apr 24,5.1997
22 Apr 24,5.1993
19 Apr 24,5.1984
18 Apr 24,5.1984
17 Apr 24,5.1984
16 Apr 24,5.1984
15 Apr 24,5.1984
12 Apr 24,5.198
11 Apr 24,5.198
10 Apr 24,5.1978
09 Apr 24,5.1976
08 Apr 24,5.1949
05 Apr 24,5.1949
04 Apr 24,5.1949
03 Apr 24,5.1952
02 Apr 24,5.1956
28 Mar 24,5.1911
27 Mar 24,5.1899
26 Mar 24,5.1896
25 Mar 24,5.1898
22 Mar 24,5.1906
21 Mar 24,5.1894
20 Mar 24,5.1892
19 Mar 24,5.1894
18 Mar 24,5.1886
15 Mar 24,5.1894
14 Mar 24,5.1888
13 Mar 24,5.1889
12 Mar 24,5.1887
11 Mar 24,5.188
08 Mar 24,5.1881
07 Mar 24,5.1884
06 Mar 24,5.1883
05 Mar 24,5.1887
04 Mar 24,5.1884
01 Mar 24,5.1887
29 Feb 24,5.1885
28 Feb 24,5.1882
27 Feb 24,5.1877
26 Feb 24,5.1881
23 Feb 24,5.1881
22 Feb 24,5.1888
21 Feb 24,5.188
20 Feb 24,5.1879
19 Feb 24,5.1874
16 Feb 24,5.1881
15 Feb 24,5.1885
14 Feb 24,5.1888
13 Feb 24,5.1888
12 Feb 24,5.1882
09 Feb 24,5.1885
08 Feb 24,5.188
07 Feb 24,5.189
06 Feb 24,5.1894
05 Feb 24,5.1884
02 Feb 24,5.1885
01 Feb 24,5.1878
31 Jan 24,5.1881
30 Jan 24,5.1884
29 Jan 24,5.1879
26 Jan 24,5.1882
25 Jan 24,5.1882
24 Jan 24,5.1875
23 Jan 24,5.1873
22 Jan 24,5.1879
19 Jan 24,5.1876
18 Jan 24,5.1883
17 Jan 24,5.188
16 Jan 24,5.1876
15 Jan 24,5.1874
12 Jan 24,5.1884
11 Jan 24,5.1876
10 Jan 24,5.1872
09 Jan 24,5.1867
08 Jan 24,5.1869
05 Jan 24,5.1869
04 Jan 24,5.187
03 Jan 24,5.1863
02 Jan 24,5.1863
29 Dec 23,5.1869
28 Dec 23,5.1867
27 Dec 23,5.1863
22 Dec 23,5.1867
21 Dec 23,5.1861
20 Dec 23,5.1864
19 Dec 23,5.1863
18 Dec 23,5.1865
15 Dec 23,5.1858
14 Dec 23,5.1859
13 Dec 23,5.1874
12 Dec 23,5.1878
11 Dec 23,5.1876
08 Dec 23,5.1872
07 Dec 23,5.1875
06 Dec 23,5.1874
05 Dec 23,5.1875
04 Dec 23,5.1878
01 Dec 23,5.1886
30 Nov 23,5.1881
29 Nov 23,5.1879
28 Nov 23,5.1879
27 Nov 23,5.188
24 Nov 23,5.1889
23 Nov 23,5.1883
22 Nov 23,5.1888
21 Nov 23,5.1885
20 Nov 23,5.1882
17 Nov 23,5.1881
16 Nov 23,5.1874
15 Nov 23,5.1868
14 Nov 23,5.1872
13 Nov 23,5.1867
10 Nov 23,5.1869
09 Nov 23,5.1866
08 Nov 23,5.1866
07 Nov 23,5.1864
06 Nov 23,5.1867
03 Nov 23,5.187
02 Nov 23,5.187
01 Nov 23,5.1865
31 Oct 23,5.1861
30 Oct 23,5.1867
27 Oct 23,5.1866
26 Oct 23,5.1872
25 Oct 23,5.1876
24 Oct 23,5.1873
23 Oct 23,5.1873
20 Oct 23,5.188
19 Oct 23,5.1873
18 Oct 23,5.1872
17 Oct 23,5.187
16 Oct 23,5.1877
13 Oct 23,5.1873
12 Oct 23,5.187
11 Oct 23,5.1866
10 Oct 23,5.1869
09 Oct 23,5.1873
06 Oct 23,5.1871
05 Oct 23,5.1872
04 Oct 23,5.1872
03 Oct 23,5.1867
02 Oct 23,5.1868
29 Sep 23,5.1867
28 Sep 23,5.1859
27 Sep 23,5.186
26 Sep 23,5.1857
25 Sep 23,5.1849
22 Sep 23,5.1855
21 Sep 23,5.1848
20 Sep 23,5.1849
19 Sep 23,5.1854
18 Sep 23,5.185
15 Sep 23,5.1854
14 Sep 23,5.1847
13 Sep 23,5.1851
12 Sep 23,5.1853
11 Sep 23,5.186
08 Sep 23,5.1855
07 Sep 23,5.1855
06 Sep 23,5.185
05 Sep 23,5.1853
04 Sep 23,5.1853
01 Sep 23,5.1852
31 Aug 23,5.1852
30 Aug 23,5.1855
29 Aug 23,5.1853
25 Aug 23,5.1852
24 Aug 23,5.1855
23 Aug 23,5.1859
22 Aug 23,5.1843
21 Aug 23,5.1841
18 Aug 23,5.1843
17 Aug 23,5.1843
16 Aug 23,5.1838
15 Aug 23,5.1834
14 Aug 23,5.1829
11 Aug 23,5.1829
10 Aug 23,5.1829
09 Aug 23,5.1827
08 Aug 23,5.1829
07 Aug 23,5.1829
04 Aug 23,5.1826
03 Aug 23,5.1823
02 Aug 23,4.9304
01 Aug 23,4.9307
31 Jul 23,4.9304
28 Jul 23,4.9315
27 Jul 23,4.931
26 Jul 23,4.931
25 Jul 23,4.9308
24 Jul 23,4.9309
21 Jul 23,4.9306
20 Jul 23,4.9305
19 Jul 23,4.9303
18 Jul 23,4.9301
17 Jul 23,4.9299
14 Jul 23,4.93
13 Jul 23,4.93
12 Jul 23,4.9298
11 Jul 23,4.9299
10 Jul 23,4.9302
07 Jul 23,4.9297
06 Jul 23,4.9296
05 Jul 23,4.93
04 Jul 23,4.9291
03 Jul 23,4.929
30 Jun 23,4.9286
29 Jun 23,4.9284
28 Jun 23,4.9279
27 Jun 23,4.9281
26 Jun 23,4.9282
23 Jun 23,4.928
22 Jun 23,4.9274
21 Jun 23,4.4288
20 Jun 23,4.4281
19 Jun 23,4.428
16 Jun 23,4.4279
15 Jun 23,4.4284
14 Jun 23,4.4283
13 Jun 23,4.4281
12 Jun 23,4.4283
09 Jun 23,4.4281
08 Jun 23,4.4279
07 Jun 23,4.4278
06 Jun 23,4.4279
05 Jun 23,4.428
02 Jun 23,4.4281
01 Jun 23,4.4278
31 May 23,4.4278
30 May 23,4.4278
26 May 23,4.4281
25 May 23,4.4278
24 May 23,4.4277
23 May 23,4.4285
22 May 23,4.4277
19 May 23,4.4274
18 May 23,4.4276
17 May 23,4.4274
16 May 23,4.4275
15 May 23,4.4274
12 May 23,4.4277
11 May 23,4.4274
10 May 23,4.1775
09 May 23,4.1777
05 May 23,4.1777
04 May 23,4.1779
03 May 23,4.1778
02 May 23,4.1792
28 Apr 23,4.1792
27 Apr 23,4.1787
26 Apr 23,4.1784
25 Apr 23,4.1774
24 Apr 23,4.1773
21 Apr 23,4.1774
20 Apr 23,4.1775
19 Apr 23,4.1774
18 Apr 23,4.1774
17 Apr 23,4.1771
14 Apr 23,4.1769
13 Apr 23,4.1769
12 Apr 23,4.1767
11 Apr 23,4.1767
06 Apr 23,4.177
05 Apr 23,4.1769
04 Apr 23,4.1767
03 Apr 23,4.1769
31 Mar 23,4.1777
30 Mar 23,4.1768
29 Mar 23,4.1767
28 Mar 23,4.1766
27 Mar 23,4.1765
24 Mar 23,4.1765
23 Mar 23,4.1759
22 Mar 23,3.927
21 Mar 23,3.9269
20 Mar 23,3.9268
17 Mar 23,3.9268
16 Mar 23,3.9272
15 Mar 23,3.9272
14 Mar 23,3.927
13 Mar 23,3.9275
10 Mar 23,3.9274
09 Mar 23,3.9274
08 Mar 23,3.9273
07 Mar 23,3.9275
06 Mar 23,3.9273
03 Mar 23,3.9272
02 Mar 23,3.9273
01 Mar 23,3.927
28 Feb 23,3.927
27 Feb 23,3.927
24 Feb 23,3.9274
23 Feb 23,3.927
22 Feb 23,3.927
21 Feb 23,3.9272
20 Feb 23,3.9275
17 Feb 23,3.9271
16 Feb 23,3.9273
15 Feb 23,3.9273
14 Feb 23,3.9272
13 Feb 23,3.9271
10 Feb 23,3.927
09 Feb 23,3.9267
08 Feb 23,3.9269
07 Feb 23,3.927
06 Feb 23,3.9271
03 Feb 23,3.9272
02 Feb 23,3.9265
01 Feb 23,3.4268
31 Jan 23,3.4269
30 Jan 23,3.4281
27 Jan 23,3.4278
26 Jan 23,3.4278
25 Jan 23,3.4279
24 Jan 23,3.4281
23 Jan 23,3.4277
20 Jan 23,3.4277
19 Jan 23,3.4277
18 Jan 23,3.4281
17 Jan 23,3.4279
16 Jan 23,3.4279
13 Jan 23,3.4274
12 Jan 23,3.4274
11 Jan 23,3.4274
10 Jan 23,3.4272
09 Jan 23,3.4273
06 Jan 23,3.4272
05 Jan 23,3.4271
04 Jan 23,3.4267
03 Jan 23,3.4269
30 Dec 22,3.4282
29 Dec 22,3.4281
28 Dec 22,3.4282
23 Dec 22,3.4281
22 Dec 22,3.4275
21 Dec 22,3.4275
20 Dec 22,3.4273
19 Dec 22,3.4269
16 Dec 22,3.4273
15 Dec 22,3.4269
14 Dec 22,2.9288
13 Dec 22,2.9287
12 Dec 22,2.9289
09 Dec 22,2.9284
08 Dec 22,2.9281
07 Dec 22,2.9275
06 Dec 22,2.9284
05 Dec 22,2.9279
02 Dec 22,2.9281
01 Dec 22,2.9279
30 Nov 22,2.9273
29 Nov 22,2.9282
28 Nov 22,2.9278
25 Nov 22,2.9278
24 Nov 22,2.9277
23 Nov 22,2.9271
22 Nov 22,2.9271
21 Nov 22,2.9275
18 Nov 22,2.9275
17 Nov 22,2.9266
16 Nov 22,2.9265
15 Nov 22,2.9269
14 Nov 22,2.9266
11 Nov 22,2.9268
10 Nov 22,2.9265
09 Nov 22,2.9263
08 Nov 22,2.9276
07 Nov 22,2.9268
04 Nov 22,2.9265
03 Nov 22,2.9306
02 Nov 22,2.1859
01 Nov 22,2.1856
31 Oct 22,2.1838
28 Oct 22,2.1853
27 Oct 22,2.1852
26 Oct 22,2.1852
25 Oct 22,2.1862
24 Oct 22,2.1862
21 Oct 22,2.185
20 Oct 22,2.1851
19 Oct 22,2.1843
18 Oct 22,2.1842
17 Oct 22,2.1839
14 Oct 22,2.1844
13 Oct 22,2.1862
12 Oct 22,2.186
11 Oct 22,2.1873
10 Oct 22,2.1864
07 Oct 22,2.1876
06 Oct 22,2.1869
05 Oct 22,2.1866
04 Oct 22,2.186
03 Oct 22,2.188
30 Sep 22,2.1901
29 Sep 22,2.189
28 Sep 22,2.1891
27 Sep 22,2.189
26 Sep 22,2.189
23 Sep 22,2.1884
22 Sep 22,2.1876
21 Sep 22,1.6903
20 Sep 22,1.691
16 Sep 22,1.6906
15 Sep 22,1.691
14 Sep 22,1.6914
13 Sep 22,1.6911
12 Sep 22,1.6911
09 Sep 22,1.6919
08 Sep 22,1.6903
07 Sep 22,1.6907
06 Sep 22,1.6913
05 Sep 22,1.6907
02 Sep 22,1.6911
01 Sep 22,1.6902
31 Aug 22,1.6896
30 Aug 22,1.6905
26 Aug 22,1.6904
25 Aug 22,1.6901
24 Aug 22,1.6905
23 Aug 22,1.6907
22 Aug 22,1.69
19 Aug 22,1.6901
18 Aug 22,1.6905
17 Aug 22,1.6907
16 Aug 22,1.689
15 Aug 22,1.6895
12 Aug 22,1.6897
11 Aug 22,1.6904
10 Aug 22,1.6898
09 Aug 22,1.6905
08 Aug 22,1.69
05 Aug 22,1.6903
04 Aug 22,1.6886
03 Aug 22,1.1911
02 Aug 22,1.1911
01 Aug 22,1.191
29 Jul 22,1.1909
28 Jul 22,1.1909
27 Jul 22,1.1909
26 Jul 22,1.1909
25 Jul 22,1.191
22 Jul 22,1.1905
21 Jul 22,1.1901
20 Jul 22,1.1906
19 Jul 22,1.1909
18 Jul 22,1.1912
15 Jul 22,1.1908
14 Jul 22,1.1911
13 Jul 22,1.1912
12 Jul 22,1.1909
11 Jul 22,1.1909
08 Jul 22,1.1909
07 Jul 22,1.1905
06 Jul 22,1.1908
05 Jul 22,1.1907
04 Jul 22,1.1902
01 Jul 22,1.1907
30 Jun 22,1.1874
29 Jun 22,1.1887
28 Jun 22,1.1877
27 Jun 22,1.1884
24 Jun 22,1.1885
23 Jun 22,1.1885
22 Jun 22,1.1883
21 Jun 22,1.1892
20 Jun 22,1.1896
17 Jun 22,1.1895
16 Jun 22,1.1884
15 Jun 22,0.9399
14 Jun 22,0.9398
13 Jun 22,0.9396
10 Jun 22,0.9402
09 Jun 22,0.9407
08 Jun 22,0.9402
07 Jun 22,0.9403
06 Jun 22,0.9394
01 Jun 22,0.9389
31 May 22,0.941
30 May 22,0.9384
27 May 22,0.9383
26 May 22,0.9388
25 May 22,0.9384
24 May 22,0.9391
23 May 22,0.9393
20 May 22,0.9389
19 May 22,0.9392
18 May 22,0.9394
17 May 22,0.9398
16 May 22,0.9398
13 May 22,0.9398
12 May 22,0.9401
11 May 22,0.9405
10 May 22,0.9397
09 May 22,0.9403
06 May 22,0.9409
05 May 22,0.9382
04 May 22,0.691
03 May 22,0.6906
29 Apr 22,0.6907
28 Apr 22,0.6896
27 Apr 22,0.6902
26 Apr 22,0.6903
25 Apr 22,0.6899
22 Apr 22,0.6905
21 Apr 22,0.6904
20 Apr 22,0.6904
19 Apr 22,0.6902
14 Apr 22,0.6908
13 Apr 22,0.6905
12 Apr 22,0.6906
11 Apr 22,0.6902
08 Apr 22,0.6912
07 Apr 22,0.6914
06 Apr 22,0.6919
05 Apr 22,0.6915
04 Apr 22,0.6913
01 Apr 22,0.6906
31 Mar 22,0.6896
30 Mar 22,0.69
29 Mar 22,0.6907
28 Mar 22,0.6901
25 Mar 22,0.6905
24 Mar 22,0.6907
23 Mar 22,0.6908
22 Mar 22,0.6906
21 Mar 22,0.6912
18 Mar 22,0.6913
17 Mar 22,0.6886
16 Mar 22,0.445
15 Mar 22,0.445
14 Mar 22,0.4445
11 Mar 22,0.4449
10 Mar 22,0.4451
09 Mar 22,0.4444
08 Mar 22,0.4444
07 Mar 22,0.4448
04 Mar 22,0.445
03 Mar 22,0.4452
02 Mar 22,0.445
01 Mar 22,0.4451
28 Feb 22,0.4451
25 Feb 22,0.4449
24 Feb 22,0.4451
23 Feb 22,0.4451
22 Feb 22,0.4449
21 Feb 22,0.4442
18 Feb 22,0.4453
17 Feb 22,0.4449
16 Feb 22,0.4449
15 Feb 22,0.445
14 Feb 22,0.4448
11 Feb 22,0.4452
10 Feb 22,0.4455
09 Feb 22,0.445
08 Feb 22,0.4448
07 Feb 22,0.4457
04 Feb 22,0.4453
03 Feb 22,0.4403
02 Feb 22,0.196
01 Feb 22,0.1957
31 Jan 22,0.1989
28 Jan 22,0.1957
27 Jan 22,0.1957
26 Jan 22,0.1956
25 Jan 22,0.1954
24 Jan 22,0.1955
21 Jan 22,0.1967
20 Jan 22,0.1966
19 Jan 22,0.1964
18 Jan 22,0.1959
17 Jan 22,0.196
14 Jan 22,0.1959
13 Jan 22,0.1959
12 Jan 22,0.1958
11 Jan 22,0.1952
10 Jan 22,0.1948
07 Jan 22,0.195
06 Jan 22,0.1947
05 Jan 22,0.1948
04 Jan 22,0.1947
31 Dec 21,0.1906
30 Dec 21,0.1922
29 Dec 21,0.1922
24 Dec 21,0.1929
23 Dec 21,0.1928
22 Dec 21,0.1926
21 Dec 21,0.1932
20 Dec 21,0.1938
17 Dec 21,0.1937
16 Dec 21,0.1622
15 Dec 21,0.045
14 Dec 21,0.0453
13 Dec 21,0.0453
10 Dec 21,0.0451
09 Dec 21,0.0458
08 Dec 21,0.0457
07 Dec 21,0.0453
06 Dec 21,0.0456
03 Dec 21,0.0457
02 Dec 21,0.0457
01 Dec 21,0.0459
30 Nov 21,0.0455
29 Nov 21,0.0464
26 Nov 21,0.0461
25 Nov 21,0.0465
24 Nov 21,0.0462
23 Nov 21,0.0466
22 Nov 21,0.0468
19 Nov 21,0.0464
18 Nov 21,0.0467
17 Nov 21,0.0469
16 Nov 21,0.0465
15 Nov 21,0.0473
12 Nov 21,0.047
11 Nov 21,0.0466
10 Nov 21,0.0465
09 Nov 21,0.0468
08 Nov 21,0.0467
05 Nov 21,0.0468
04 Nov 21,0.0483
03 Nov 21,0.0481
02 Nov 21,0.048
01 Nov 21,0.0477
29 Oct 21,0.0503
28 Oct 21,0.0481
27 Oct 21,0.0485
26 Oct 21,0.0498
25 Oct 21,0.0498
22 Oct 21,0.05
21 Oct 21,0.05
20 Oct 21,0.0501
19 Oct 21,0.0499
18 Oct 21,0.0504
15 Oct 21,0.0502
14 Oct 21,0.0508
13 Oct 21,0.0508
12 Oct 21,0.0514
11 Oct 21,0.0505
08 Oct 21,0.0507
07 Oct 21,0.0512
06 Oct 21,0.0513
05 Oct 21,0.0505
04 Oct 21,0.0503
01 Oct 21,0.05
30 Sep 21,0.0479
29 Sep 21,0.0493
28 Sep 21,0.0495
27 Sep 21,0.0496
24 Sep 21,0.05
23 Sep 21,0.049
22 Sep 21,0.0499
21 Sep 21,0.05
20 Sep 21,0.05
17 Sep 21,0.0502
16 Sep 21,0.0501
15 Sep 21,0.0499
14 Sep 21,0.0499
13 Sep 21,0.0506
10 Sep 21,0.0509
09 Sep 21,0.0503
08 Sep 21,0.0505
07 Sep 21,0.0507
06 Sep 21,0.0503
03 Sep 21,0.0499
02 Sep 21,0.0501
01 Sep 21,0.0503
31 Aug 21,0.0502
27 Aug 21,0.0507
26 Aug 21,0.0505
25 Aug 21,0.0504
24 Aug 21,0.0505
23 Aug 21,0.0505
20 Aug 21,0.0508
19 Aug 21,0.051
18 Aug 21,0.0505
17 Aug 21,0.0503
16 Aug 21,0.0505
13 Aug 21,0.0504
12 Aug 21,0.0504
11 Aug 21,0.0503
10 Aug 21,0.0501
09 Aug 21,0.0498
06 Aug 21,0.0503
05 Aug 21,0.0503
04 Aug 21,0.0504
03 Aug 21,0.0503
02 Aug 21,0.0504
30 Jul 21,0.0506
29 Jul 21,0.0504
28 Jul 21,0.0507
27 Jul 21,0.0507
26 Jul 21,0.0502
23 Jul 21,0.0507
22 Jul 21,0.0507
21 Jul 21,0.0507
20 Jul 21,0.051
19 Jul 21,0.0508
16 Jul 21,0.0506
15 Jul 21,0.0508
14 Jul 21,0.0508
13 Jul 21,0.0507
12 Jul 21,0.0503
09 Jul 21,0.0504
08 Jul 21,0.0508
07 Jul 21,0.0506
06 Jul 21,0.0502
05 Jul 21,0.0504
02 Jul 21,0.0505
01 Jul 21,0.0496
30 Jun 21,0.0466
29 Jun 21,0.0493
28 Jun 21,0.0495
25 Jun 21,0.0502
24 Jun 21,0.05
23 Jun 21,0.05
22 Jun 21,0.0502
21 Jun 21,0.0498
18 Jun 21,0.0502
17 Jun 21,0.05
16 Jun 21,0.05
15 Jun 21,0.0499
14 Jun 21,0.0499
11 Jun 21,0.0501
10 Jun 21,0.0499
09 Jun 21,0.0502
08 Jun 21,0.0505
07 Jun 21,0.0504
04 Jun 21,0.05
03 Jun 21,0.0502
02 Jun 21,0.0498
01 Jun 21,0.0498
28 May 21,0.0516
27 May 21,0.0501
26 May 21,0.05
25 May 21,0.0496
24 May 21,0.0497
21 May 21,0.0495
20 May 21,0.0493
19 May 21,0.049
18 May 21,0.0493
17 May 21,0.0483
14 May 21,0.0497
13 May 21,0.0494
12 May 21,0.0492
11 May 21,0.0488
10 May 21,0.049
07 May 21,0.0498
06 May 21,0.0491
05 May 21,0.0487
04 May 21,0.0496
30 Apr 21,0.0509
29 Apr 21,0.0499
28 Apr 21,0.0496
27 Apr 21,0.0495
26 Apr 21,0.0486
23 Apr 21,0.0491
22 Apr 21,0.0487
21 Apr 21,0.0481
20 Apr 21,0.048
19 Apr 21,0.0482
16 Apr 21,0.048
15 Apr 21,0.0477
14 Apr 21,0.0482
13 Apr 21,0.0481
12 Apr 21,0.0482
09 Apr 21,0.0484
08 Apr 21,0.0483
07 Apr 21,0.0483
06 Apr 21,0.0482
01 Apr 21,0.0475
31 Mar 21,0.0466
30 Mar 21,0.0475
29 Mar 21,0.048
26 Mar 21,0.0481
25 Mar 21,0.0481
24 Mar 21,0.0481
23 Mar 21,0.0481
22 Mar 21,0.0489
19 Mar 21,0.0485
18 Mar 21,0.0493
17 Mar 21,0.0494
16 Mar 21,0.0493
15 Mar 21,0.0497
12 Mar 21,0.049
11 Mar 21,0.0485
10 Mar 21,0.0485
09 Mar 21,0.049
08 Mar 21,0.0491
05 Mar 21,0.0488
04 Mar 21,0.0494
03 Mar 21,0.049
02 Mar 21,0.0491
01 Mar 21,0.0488
26 Feb 21,0.0512
25 Feb 21,0.0491
24 Feb 21,0.049
23 Feb 21,0.0486
22 Feb 21,0.049
19 Feb 21,0.0489
18 Feb 21,0.049
17 Feb 21,0.0487
16 Feb 21,0.0483
15 Feb 21,0.048
12 Feb 21,0.0481
11 Feb 21,0.0484
10 Feb 21,0.0483
09 Feb 21,0.0482
08 Feb 21,0.048
05 Feb 21,0.0482
04 Feb 21,0.0484
03 Feb 21,0.0486
02 Feb 21,0.0485
01 Feb 21,0.048
29 Jan 21,0.0529
28 Jan 21,0.0487
27 Jan 21,0.0489
26 Jan 21,0.0489
25 Jan 21,0.0493
22 Jan 21,0.0496
21 Jan 21,0.0494
20 Jan 21,0.0492
19 Jan 21,0.05
18 Jan 21,0.0495
15 Jan 21,0.0498
14 Jan 21,0.05
13 Jan 21,0.0496
12 Jan 21,0.0487
11 Jan 21,0.0488
08 Jan 21,0.0497
07 Jan 21,0.0491
06 Jan 21,0.0488
05 Jan 21,0.0485
04 Jan 21,0.0479
31 Dec 20,0.0394
30 Dec 20,0.048
29 Dec 20,0.0483
24 Dec 20,0.0474
23 Dec 20,0.0478
22 Dec 20,0.048
21 Dec 20,0.0477
18 Dec 20,0.0483
17 Dec 20,0.0487
16 Dec 20,0.0478
15 Dec 20,0.0491
14 Dec 20,0.0494
11 Dec 20,0.0502
10 Dec 20,0.0508
09 Dec 20,0.0514
08 Dec 20,0.051
07 Dec 20,0.051
04 Dec 20,0.0513
03 Dec 20,0.0519
02 Dec 20,0.0523
01 Dec 20,0.0528
30 Nov 20,0.054
27 Nov 20,0.0542
26 Nov 20,0.0535
25 Nov 20,0.0535
24 Nov 20,0.0536
23 Nov 20,0.0536
20 Nov 20,0.0543
19 Nov 20,0.0536
18 Nov 20,0.0538
17 Nov 20,0.0533
16 Nov 20,0.0539
13 Nov 20,0.0536
12 Nov 20,0.0542
11 Nov 20,0.0535
10 Nov 20,0.0533
09 Nov 20,0.0532
06 Nov 20,0.0534
05 Nov 20,0.0533
04 Nov 20,0.0537
03 Nov 20,0.0533
02 Nov 20,0.0539
30 Oct 20,0.0547
29 Oct 20,0.0543
28 Oct 20,0.054
27 Oct 20,0.0542
26 Oct 20,0.0541
23 Oct 20,0.0538
22 Oct 20,0.0543
21 Oct 20,0.0536
20 Oct 20,0.0533
19 Oct 20,0.0535
16 Oct 20,0.0533
15 Oct 20,0.0534
14 Oct 20,0.0538
13 Oct 20,0.0531
12 Oct 20,0.0542
09 Oct 20,0.0538
08 Oct 20,0.0539
07 Oct 20,0.054
06 Oct 20,0.0537
05 Oct 20,0.0539
02 Oct 20,0.0539
01 Oct 20,0.0538
30 Sep 20,0.0509
29 Sep 20,0.0533
28 Sep 20,0.0541
25 Sep 20,0.0541
24 Sep 20,0.0539
23 Sep 20,0.0539
22 Sep 20,0.0541
21 Sep 20,0.0538
18 Sep 20,0.054
17 Sep 20,0.0546
16 Sep 20,0.0558
15 Sep 20,0.0556
14 Sep 20,0.0557
11 Sep 20,0.0569
10 Sep 20,0.0552
09 Sep 20,0.055
08 Sep 20,0.0557
07 Sep 20,0.0556
04 Sep 20,0.056
03 Sep 20,0.0561
02 Sep 20,0.0547
01 Sep 20,0.0552
28 Aug 20,0.0545
27 Aug 20,0.0559
26 Aug 20,0.0547
25 Aug 20,0.0553
24 Aug 20,0.0545
21 Aug 20,0.0556
20 Aug 20,0.0557
19 Aug 20,0.0562
18 Aug 20,0.0553
17 Aug 20,0.0563
14 Aug 20,0.0568
13 Aug 20,0.0571
12 Aug 20,0.0563
11 Aug 20,0.0561
10 Aug 20,0.0572
07 Aug 20,0.0584
06 Aug 20,0.0573
05 Aug 20,0.0572
04 Aug 20,0.0568
03 Aug 20,0.0574
31 Jul 20,0.0603
30 Jul 20,0.0601
29 Jul 20,0.0591
28 Jul 20,0.0598
27 Jul 20,0.0584
24 Jul 20,0.0588
23 Jul 20,0.0584
22 Jul 20,0.0587
21 Jul 20,0.0602
20 Jul 20,0.0601
17 Jul 20,0.06
16 Jul 20,0.0618
15 Jul 20,0.0609
14 Jul 20,0.0605
13 Jul 20,0.0599
10 Jul 20,0.0599
09 Jul 20,0.0594
08 Jul 20,0.0596
07 Jul 20,0.059
06 Jul 20,0.0592
03 Jul 20,0.0608
02 Jul 20,0.0608
01 Jul 20,0.0611
30 Jun 20,0.0603
29 Jun 20,0.0619
26 Jun 20,0.0633
25 Jun 20,0.063
24 Jun 20,0.0626
23 Jun 20,0.0621
22 Jun 20,0.0636
19 Jun 20,0.0637
18 Jun 20,0.0624
17 Jun 20,0.0636
16 Jun 20,0.0627
15 Jun 20,0.0634
12 Jun 20,0.0651
11 Jun 20,0.0651
10 Jun 20,0.0657
09 Jun 20,0.066
08 Jun 20,0.066
05 Jun 20,0.0679
04 Jun 20,0.0693
03 Jun 20,0.0685
02 Jun 20,0.0686
01 Jun 20,0.0665
29 May 20,0.0679
28 May 20,0.068
27 May 20,0.0677
26 May 20,0.0671
22 May 20,0.0683
21 May 20,0.0683
20 May 20,0.0688
19 May 20,0.068
18 May 20,0.0683
15 May 20,0.0675
14 May 20,0.0672
13 May 20,0.0684
12 May 20,0.0667
11 May 20,0.0667
07 May 20,0.0674
06 May 20,0.0668
05 May 20,0.0665
04 May 20,0.0659
01 May 20,0.0658
30 Apr 20,0.0666
29 Apr 20,0.0673
28 Apr 20,0.0665
27 Apr 20,0.0652
24 Apr 20,0.0662
23 Apr 20,0.0673
22 Apr 20,0.0683
21 Apr 20,0.0672
20 Apr 20,0.0661
17 Apr 20,0.0643
16 Apr 20,0.0632
15 Apr 20,0.0634
14 Apr 20,0.0635
09 Apr 20,0.066
08 Apr 20,0.0641
07 Apr 20,0.0661
06 Apr 20,0.0657
03 Apr 20,0.064
02 Apr 20,0.0653
01 Apr 20,0.0712
31 Mar 20,0.0729
30 Mar 20,0.0714
27 Mar 20,0.071
26 Mar 20,0.0729
25 Mar 20,0.075
24 Mar 20,0.0736
23 Mar 20,0.0723
20 Mar 20,0.0706
19 Mar 20,0.2134
18 Mar 20,0.2148
17 Mar 20,0.2135
16 Mar 20,0.2096
13 Mar 20,0.2093
12 Mar 20,0.2093
11 Mar 20,0.2092
10 Mar 20,0.7091
09 Mar 20,0.7091
06 Mar 20,0.7087
05 Mar 20,0.7089
04 Mar 20,0.71
03 Mar 20,0.7098
02 Mar 20,0.7089
28 Feb 20,0.7098
27 Feb 20,0.7106
26 Feb 20,0.7114
25 Feb 20,0.7109
24 Feb 20,0.7105
21 Feb 20,0.7112
20 Feb 20,0.711
19 Feb 20,0.7102
18 Feb 20,0.7095
17 Feb 20,0.7092
14 Feb 20,0.7103
13 Feb 20,0.7106
12 Feb 20,0.7098
11 Feb 20,0.7097
10 Feb 20,0.7095
07 Feb 20,0.7112
06 Feb 20,0.7107
05 Feb 20,0.7107
04 Feb 20,0.7104
03 Feb 20,0.7104
31 Jan 20,0.7117
30 Jan 20,0.7099
29 Jan 20,0.7103
28 Jan 20,0.7096
27 Jan 20,0.7089
24 Jan 20,0.7106
23 Jan 20,0.7104
22 Jan 20,0.7117
21 Jan 20,0.7117
20 Jan 20,0.7117
17 Jan 20,0.712
16 Jan 20,0.7117
15 Jan 20,0.7125
14 Jan 20,0.7111
13 Jan 20,0.7107
10 Jan 20,0.7117
09 Jan 20,0.7123
08 Jan 20,0.7124
07 Jan 20,0.712
06 Jan 20,0.7124
03 Jan 20,0.711
02 Jan 20,0.7125
